4194728,1,2,JAL
4197056,1,1,JAL
4212560,1,1,JAL
4234648,2,1,BNE
4234696,6,1,JAL
4246584,153,10,BEQ
4246792,62,11,BEQ
4246848,46,9,BEQ
4234728,5,1,JUMP
4246632,160,19,BNE
4246816,61,13,BEQ
4246744,86,13,BNE
4246888,15,1,BEQ
4234704,1,1,BEQ
4212568,1,1,BNE
4194768,1,1,JAL
4194888,1,1,JAL
4197000,1,1,JAL
4196720,1,1,BNE
4196808,1,1,BEQ
4196904,1,1,JAL
4212000,1,1,JAL
4212152,1,1,BEQ
4212264,1,1,BNE
4212456,1,1,JUMP
4212056,1,1,JUMP
4194992,1,1,JAL
4197704,19,9,BC1F
4197776,19,9,BC1T
4197808,19,9,BC1T
4197840,19,9,JAL
4213384,41,14,JAL
4245888,111,35,BNE
4213408,40,13,JAL
4246000,109,35,BNE
4197848,18,8,BNE
4198056,2,1,JUMP
4195024,1,1,JAL
4199320,41,20,JAL
4215160,41,20,BNE
4215240,41,20,BNE
4215320,13,1,JAL
4239088,335,41,BNE
4239160,335,41,BNE
4239232,335,41,BEQ
4239456,3,2,JAL
4270744,2,1,JAL
4270784,1,1,BNE
4270848,1,1,JAL
4282520,1,1,JAL
4239536,2,1,BNE
4239592,1,1,JAL
4232240,1,1,BEQ
4232280,1,1,JAL
4230776,1,1,JALR
4269760,4,2,JAL
4280152,4,2,BNE
4280192,4,2,JAL
4282784,4,2,BEQ
4230840,1,1,JALR
4230856,1,1,BEQ
4230936,1,1,JAL
4269896,5,2,BEQ
4270056,396,2,BNE
4270080,4,1,BEQ
4270128,5,2,BEQ
4231064,1,1,JUMP
4232304,1,1,BEQ
4232328,1,1,BEQ
4233448,1,1,BEQ
4233688,1,1,JAL
4231184,1,1,JALR
4231208,1,1,BEQ
4231264,1,1,BEQ
4231288,1,1,BNE
4231336,1,1,BGEZ
4231384,1,1,BEQ
4232056,1,1,BGEZ
4233728,1,1,BGEZ
4233872,1,1,JUMP
4239608,1,1,BNE
4239680,1,1,BNE
4239784,339,41,BNE
4239832,300,2,BNE
4240048,30,2,BEQ
4240096,50,21,BNE
4240128,47,21,JALR
4236096,4,2,BEQ
4236600,1,1,BNE
4236728,27,2,BEQ
4236864,5,2,JUMP
4237696,45,21,BEQ
4240224,46,21,BNE
4215368,41,20,BEQ
4215480,41,20,JAL
4226752,44,20,JUMP
4215496,41,20,JUMP
4224392,172,40,BNE
4215512,166,40,BEQ
4215880,156,37,JAL
4246880,17,4,BEQ
4215904,82,28,BNE
4215976,95,36,BNE
4216128,276,37,BEQ
4216224,274,37,JAL
4239304,333,40,BNE
4239496,334,40,BNE
4239728,335,41,BNE
4239904,334,41,BNE
4240016,331,41,BNE
4240240,328,41,JUMP
4216272,267,27,BNE
4216280,123,37,JUMP
4215840,151,32,BEQ
4216304,67,32,BNE
4216576,66,31,JUMP
4216840,66,31,BEQ
4216888,66,31,BNE
4217040,64,29,BEQ
4217176,64,29,BNE
4217520,68,32,JUMP
4217808,67,32,BEQ
4217952,67,32,JR
4221200,59,30,JUMP
4224344,59,30,JALR
4249576,59,30,JAL
4249584,59,30,BEQ
4249616,59,30,JAL
4249624,59,30,BEQ
4249696,59,30,BEQ
4250880,59,30,JAL
4271968,59,30,BNE
4250928,55,27,JUMP
4251040,36,7,BNE
4251304,59,30,BNE
4251816,59,30,BNE
4252696,59,30,JAL
4270280,322,45,BNE
4270560,2484,43,BNE
4252736,123,30,BGEZ
4252800,123,30,JUMP
4252768,121,30,BEQ
4252832,59,30,BGEZ
4253000,59,30,JAL
4253120,59,30,JAL
4272392,500,44,BNE
4253128,56,27,BNE
4253528,59,30,JAL
4272528,301,43,BNE
4272664,299,42,JUMP
4272816,287,41,BNE
4272888,287,41,BEQ
4272976,287,38,BNE
4273040,287,38,BEQ
4273336,331,41,BEQ
4273416,374,41,BNE
4273600,284,39,BEQ
4273680,343,41,BNE
4273720,423,40,JUMP
4253600,59,30,BEQ
4253704,59,30,BEQ
4253816,59,30,BEQ
4253896,59,30,JUMP
4254320,70,30,BEQ
4253920,66,30,JAL
4253928,75,30,BGEZ
4254440,61,31,JAL
4254472,62,31,BEQ
4254608,61,31,JAL
4254720,61,31,BEQ
4254848,59,29,BLEZ
4254944,61,31,JUMP
4255344,61,31,BEQ
4255432,61,31,JUMP
4255632,120,32,JAL
4255664,109,32,BEQ
4255744,108,31,BEQ
4255456,108,31,JAL
4255504,113,21,JAL
4276344,1070,45,BNE
4255520,113,21,BEQ
4272464,468,45,BEQ
4255464,134,31,BLTZ
4255784,58,28,BNE
4255896,61,31,JAL
4255904,61,31,BLEZ
4256056,291,36,JAL
4256064,374,30,BEQ
4256408,261,35,BLTZ
4256128,201,35,BEQ
4256232,201,35,BEQ
4256336,201,35,BEQ
4273648,93,25,BEQ
4272600,257,9,BNE
4274528,19,9,JUMP
4274704,19,9,BLTZ
4275232,19,9,BNE
4275328,19,9,BEQ
4275416,19,9,BNE
4275504,19,9,BEQ
4275616,19,9,JUMP
4256472,19,10,JAL
4256520,59,30,JAL
4256584,19,10,JAL
4256632,59,30,JAL
4256752,23,12,JAL
4256856,23,12,BEQ
4256984,23,12,BLEZ
4257072,23,12,JUMP
4257480,59,30,BEQ
4257592,61,31,JAL
4257664,69,30,JAL
4257712,81,30,BEQ
4257808,62,29,BNE
4258056,59,30,JAL
4258104,59,30,JAL
4258224,65,30,JAL
4276688,164,38,BEQ
4276720,162,36,BEQ
4277432,157,33,BNE
4277584,156,33,BNE
4277728,148,33,BNE
4277816,136,33,BEQ
4277904,136,33,BNE
4277984,136,33,BEQ
4278128,130,27,BNE
4278304,165,36,JUMP
4258320,59,30,JAL
4258336,59,30,JUMP
4258568,71,25,BNE
4258352,49,25,JUMP
4258600,54,25,BNE
4258672,60,30,JAL
4258720,59,30,JAL
4258760,59,30,BEQ
4258856,59,30,JAL
4258872,76,29,BEQ
4258968,59,30,JAL
4258984,74,29,BEQ
4259088,35,8,BNE
4259168,59,30,BEQ
4259272,59,30,JAL
4259376,21,11,BEQ
4259504,21,11,BLEZ
4259696,50,23,JAL
4259712,64,22,JUMP
4259848,43,22,BNE
4260032,57,28,BNE
4263576,47,20,BGEZ
4263976,155,30,JAL
4264016,171,30,BEQ
4264112,126,30,BNE
4264360,126,30,JAL
4264400,126,29,JAL
4264520,135,30,JAL
4264616,125,29,JAL
4264632,125,29,JUMP
4264864,132,27,BNE
4264648,124,27,JUMP
4264896,126,27,BNE
4264960,128,28,JAL
4265000,125,28,JAL
4265040,124,28,BEQ
4265128,124,28,JAL
4265144,212,27,BEQ
4265240,125,28,JAL
4265256,197,26,BEQ
4265360,98,1,BNE
4265440,185,28,BEQ
4265544,125,28,JAL
4265648,1,1,BEQ
4265776,1,1,BLEZ
4265968,124,27,JAL
4265984,168,28,JUMP
4266120,174,28,BNE
4266312,143,27,BNE
4266376,144,28,BEQ
4278144,17,9,BEQ
4264872,18,6,BNE
4272176,497,12,BLTZ
4265352,101,6,BNE
4279752,282,35,BNE
4265560,218,28,BEQ
4265936,101,6,BNE
4266080,166,14,BNE
4266136,27,14,BEQ
4266280,43,22,JUMP
4266392,53,26,BLEZ
4266504,17,7,BGTZ
4266704,50,7,BNE
4266752,54,26,BEQ
4266912,55,27,BLEZ
4267104,55,26,BEQ
4267224,51,26,BEQ
4267328,51,26,BEQ
4267520,59,30,BNE
4267784,59,30,JAL
4247144,59,30,BNE
4247216,59,30,BNE
4247360,59,30,JAL
4247392,59,30,BNE
4247480,59,30,JAL
4235136,85,34,BNE
4235328,84,33,BNE
4235560,84,33,BNE
4235672,4,1,JUMP
4247544,60,30,BNE
4247856,59,30,JAL
4271416,168,30,BNE
4271376,164,24,BEQ
4271584,21,11,BEQ
4271744,59,30,JUMP
4271808,112,19,BNE
4271760,99,19,BNE
4247872,63,30,BEQ
4247936,60,30,BNE
4248120,59,30,BEQ
4248264,216,30,BNE
4248272,59,30,JUMP
4248360,59,30,BEQ
4248440,59,30,JUMP
4248616,59,30,BNE
4267856,58,29,BEQ
4246608,182,12,BEQ
4215936,49,20,JAL
4246600,195,19,BEQ
4246944,45,19,JUMP
4236024,43,20,BNE
4236760,44,20,BEQ
4236808,46,20,BNE
4236912,45,20,JAL
4236968,3,1,JUMP
4237216,41,20,JALR
4244400,41,20,JAL
4244408,41,20,BGTZ
4237256,41,20,BEQ
4237320,41,20,BEQ
4237368,41,20,BNE
4224416,41,20,BEQ
4195064,1,1,JAL
4198040,16,7,BC1F
4198088,16,7,BC1F
4198128,16,7,JAL
4198160,16,7,JUMP
4198224,16,7,JAL
4198632,16,7,BC1F
4198688,16,7,BC1F
4198720,16,7,JAL
4198728,16,7,BNE
4198784,16,7,BC1F
4198872,16,7,JAL
4208752,16,7,JAL
4229288,24,10,JAL
4229296,24,10,BEQ
4229328,24,10,JAL
4229336,24,10,BEQ
4229392,24,10,BC1F
4229512,24,10,JUMP
4208792,16,7,JAL
4228496,39,12,JUMP
4208816,16,7,BNE
4209296,16,7,JUMP
4209744,16,7,BEQ
4198912,16,7,BEQ
4199152,16,7,JAL
4206760,16,7,JAL
4207128,16,7,JUMP
4207280,16,7,JAL
4198232,16,7,JUMP
4195096,1,1,JAL
4215296,39,19,BNE
4272424,35,10,BGEZ
4257880,30,3,BNE
4258120,38,10,BEQ
4277544,141,14,BLTZ
4258576,30,7,BNE
4259112,35,17,JAL
4259664,35,7,BNE
4259808,35,7,BNE
4259864,13,7,BEQ
4263808,32,6,BNE
4266448,11,2,BGTZ
4235624,81,32,BNE
4235808,81,32,BNE
4247496,57,29,BNE
4236928,39,19,BNE
4236992,39,19,BEQ
4195120,1,1,JAL
4195152,1,1,JAL
4246912,7,4,BEQ
4253992,51,3,JAL
4254008,85,3,BEQ
4254104,42,3,JAL
4254120,40,3,BEQ
4254216,39,3,JAL
4254232,39,3,BEQ
4273384,71,18,BEQ
4256432,48,20,BNE
4256544,48,20,BNE
4256680,45,18,BEQ
4257136,35,18,JAL
4276488,102,21,BNE
4257152,35,18,BEQ
4259080,32,5,BNE
4259288,47,19,BEQ
4263616,15,8,BGTZ
4263768,1,1,BNE
4266552,10,4,BNE
4195200,1,1,JAL
4221888,8,4,BNE
4221992,7,4,JAL
4246248,7,4,BEQ
4246360,10,4,BEQ
4246384,7,4,BNE
4246416,7,4,BNE
4246496,5,3,JUMP
4222024,7,4,BEQ
4222088,7,4,JUMP
4222336,34,4,BEQ
4222432,34,4,JAL
4222488,30,4,BNE
4222496,7,4,JUMP
4222592,7,4,BEQ
4246824,48,9,BEQ
4195232,1,1,JAL
4199392,3,2,BNE
4199464,3,2,BEQ
4199552,2,1,BNE
4199592,1,1,BNE
4199640,3,2,BNE
4199736,3,2,BNE
4199888,3,2,BNE
4200032,8,2,JUMP
4200120,9,2,BNE
4200208,8,2,BNE
4200016,5,2,BEQ
4200048,3,2,BEQ
4200224,2,1,BEQ
4200240,2,1,BEQ
4200280,1,1,BGEZ
4200296,3,2,BEQ
4200368,2,1,BEQ
4195280,1,1,JAL
4265384,120,26,JAL
4265392,183,26,BGEZ
4195304,1,1,JAL
4195328,1,1,JAL
4200528,5,3,BNE
4200592,5,3,JAL
4226728,21,3,BNE
4226768,5,3,BNE
4226824,5,3,BEQ
4200696,5,3,BEQ
4200784,4,2,BNE
4200816,4,2,BNE
4200984,20,3,BC1F
4201048,20,3,BEQ
4201104,29,3,JUMP
4200960,17,3,BEQ
4201064,11,2,JUMP
4201072,5,2,BNE
4201168,4,2,BNE
4201360,5,3,BEQ
4201456,5,3,JAL
4201504,5,3,JUMP
4201640,5,3,JAL
4201696,5,3,JUMP
4195352,1,1,JAL
4195376,1,1,JAL
4195400,1,1,JAL
4195432,1,1,JAL
4195456,1,1,JAL
4195520,1,1,JAL
4251088,41,19,BEQ
4251168,41,21,BNE
4251240,17,4,BGTZ
4251224,48,21,BC1T
4251248,41,21,BGTZ
4259120,45,15,BGEZ
4266488,42,21,BEQ
4266536,41,21,BEQ
4271488,42,19,BNE
4217984,1,1,BEQ
4218064,1,1,BEQ
4218208,1,1,JUMP
4218328,1,1,BEQ
4218848,1,1,BNE
4218888,1,1,BNE
4218976,4,1,JAL
4282960,3,1,JAL
4283208,6,1,JUMP
4283392,6,1,BNE
4283480,6,1,BEQ
4283568,6,1,BNE
4283648,6,1,BEQ
4283752,6,1,JUMP
4284824,6,1,JUMP
4219056,3,1,JAL
4283032,3,1,JAL
4284800,5,1,BEQ
4219104,3,1,BNE
4219176,1,1,BEQ
4219248,1,1,BLEZ
4219352,1,1,BEQ
4219440,1,1,BEQ
4219504,1,1,JUMP
4219720,1,1,BEQ
4219832,1,1,BEQ
4219984,1,1,BEQ
4220144,1,1,BEQ
4220544,1,1,BNE
4220800,4,1,BEQ
4220896,4,1,JAL
4220960,3,1,BEQ
4220984,1,1,BEQ
4195536,1,1,JAL
4202032,3,2,BC1T
4202088,3,2,JAL
4202120,3,2,JAL
4202176,3,2,JAL
4227408,3,2,JAL
4227560,3,2,BNE
4227616,3,2,BNE
4227824,3,2,JAL
4227856,3,2,JAL
4269320,3,2,JAL
4269352,3,2,BC1T
4227872,3,2,JUMP
4228064,3,2,JUMP
4228176,3,2,JAL
4202232,3,2,JUMP
4202384,3,2,JAL
4195568,1,1,JAL
4195584,1,1,JAL
4195616,1,1,JAL
4277448,14,7,BNE
4264416,77,10,BEQ
4195640,1,1,JAL
4202568,1,1,JAL
4202592,1,1,JAL
4202640,1,1,JAL
4202672,1,1,JAL
4202784,1,1,JAL
4202816,1,1,JAL
4202880,1,1,BC1F
4203016,1,1,BC1T
4203144,1,1,JUMP
4195672,1,1,JAL
4195696,1,1,JAL
4203776,1,1,BC1T
4203848,1,1,JAL
4203880,1,1,JAL
4203904,1,1,BC1F
4204000,1,1,BC1F
4204048,1,1,BC1F
4204088,1,1,JAL
4204096,1,1,BNE
4204256,1,1,JAL
4204288,1,1,JAL
4204320,1,1,JAL
4204344,1,1,JAL
4204368,1,1,JAL
4204440,1,1,BNE
4204480,1,1,BEQ
4204536,1,1,JAL
4204568,1,1,JAL
4204688,1,1,BEQ
4205136,1,1,JUMP
4205648,1,1,BC1T
4205688,1,1,JAL
4195736,1,1,JAL
4263712,13,7,BEQ
4195768,1,1,JAL
4195816,1,1,JAL
4265976,90,8,BGEZ
4266096,83,8,BNE
4266152,15,8,BEQ
4195848,1,1,JAL
4205968,1,1,JAL
4206352,1,1,JUMP
4206504,1,1,JAL
4195912,1,1,JAL
4195928,1,1,JAL
4207480,1,1,BC1F
4207560,1,1,JAL
4207568,1,1,BNE
4207600,1,1,JAL
4207640,1,1,JAL
4207664,1,1,BNE
4208144,1,1,JUMP
4196000,1,1,JAL
4196016,1,1,JAL
4211080,1,1,JAL
4211088,1,1,BNE
4211136,1,1,JAL
4213768,2,1,JAL
4213824,2,1,BC1F
4213872,2,1,JAL
4213880,2,1,BEQ
4213928,2,1,JAL
4213936,2,1,BEQ
4213984,2,1,BEQ
4214160,2,1,BC1F
4214360,2,1,BC1F
4211160,1,1,JAL
4211472,1,1,JUMP
4196040,1,1,JAL
4210072,1,1,JAL
4210080,1,1,BNE
4210128,1,1,JAL
4210176,1,1,JAL
4210248,1,1,BC1F
4210592,1,1,BC1F
4210664,1,1,JAL
4210672,1,1,JUMP
4196096,1,1,JAL
4266720,11,4,BNE
4267160,7,4,JUMP
4267384,7,4,JAL
4267400,7,4,BNE
4196136,1,1,JAL
4217208,5,2,BNE
4217480,8,3,BNE
4217416,9,3,BEQ
4250912,7,3,BNE
4250944,5,3,BNE
4272440,5,3,JUMP
4253168,6,3,JAL
4253192,5,3,BEQ
4253288,5,3,JAL
4253312,5,3,BEQ
4253408,5,3,JAL
4253432,5,3,BEQ
4266984,11,2,JAL
4266992,9,2,BNE
4267088,9,2,BGTZ
4196168,1,1,JAL
4216800,7,1,BEQ
4216664,1,1,JR
4216720,1,1,JUMP
4266872,4,1,BNE
4267968,6,1,JAL
4267976,5,1,BNE
4268072,5,1,BGTZ
4246856,3,1,BEQ
4196200,1,1,JAL
4196224,1,1,JAL
4200800,1,1,BEQ
4201080,1,1,BNE
4201224,1,1,JAL
4199576,1,1,JUMP
4200272,1,1,JUMP
4200384,1,1,JUMP
4201256,1,1,BNE
4201312,1,1,BNE
4196256,1,1,BC1F
4196360,1,1,JUMP
4196408,1,1,JAL
4251128,3,2,BC1T
4273488,143,3,BGEZ
4254312,38,2,BNE
4272280,40,4,BGEZ
4270320,8,4,BEQ
4270416,7,4,JAL
4280328,7,4,JR
4280448,7,4,JUMP
4270424,7,4,JUMP
4270512,15,4,BEQ
4257600,3,1,BGEZ
4256440,1,1,BNE
4256552,1,1,BNE
4276728,3,2,JUMP
4278376,2,1,BNE
4278520,3,2,BLTZ
4279576,9,2,BNE
4259704,1,1,BGEZ
4259824,1,1,BNE
4259880,1,1,BEQ
4260232,1,1,BNE
4260320,3,2,BEQ
4260368,3,2,BEQ
4263008,3,2,BEQ
4263216,3,2,BEQ
4263312,3,2,BEQ
4263440,5,2,BNE
4263464,5,2,BNE
4263552,5,2,BEQ
4263560,4,2,JUMP
4221312,2,1,BLEZ
4221504,1,1,BEQ
4221592,1,1,JAL
4221648,1,1,BEQ
4257840,1,1,JUMP
4278424,1,1,JAL
4278472,1,1,JAL
4260216,1,1,BNE
4246456,1,1,BEQ
4194784,1,1,JAL
4197288,1,1,BEQ
4197352,1,1,JALR
4196576,1,1,BEQ
4197408,1,1,JAL
4197528,1,1,JAL
4212800,7,1,BNE
4212848,6,1,JAL
4212736,4,1,BNE
4212912,4,1,BNE
4212960,3,1,BEQ
4213016,3,1,BEQ
4213088,5,1,BEQ
4213136,5,1,BEQ
4213208,1,1,BEQ
4213256,3,1,JAL
4241800,3,1,JAL
4270112,21,1,BNE
4212864,4,1,BNE
4213040,2,1,JAL
4213056,2,1,BNE
4213120,3,1,JAL
4244112,3,1,BEQ
4244160,3,1,BEQ
4244208,3,1,JAL
4241928,1,1,BGEZ
4242136,1,1,BEQ
4242264,1,1,BEQ
4242384,1,1,BNE
4242680,1,1,BNE
4242896,1,1,BNE
4243240,1,1,JUMP
4213152,2,1,JALR
4244672,2,1,JAL
4213168,2,1,JUMP
4270720,1,1,BNE
4239520,1,1,BNE
4236544,1,1,BEQ
4240152,1,1,BEQ
4212880,1,1,JUMP
4197424,1,1,JAL
