4202504,BNE,4202600
4235280,JALR,4213904
4235320,BEQ,4235352
4235384,BEQ,4235416
4202656,BEQ,4202728
4235432,BNE,4235696
4210920,BNE,4202032
4210944,BEQ,4211024
4202752,JAL,4237040
4202808,JUMP,4210904
4202832,BNE,4203000
4235760,BEQ,4235784
4203104,JUMP,4203312
4240176,JUMP,4240544
4203368,BEQ,4203392
4203416,BNE,4203528
4195336,JAL,4197888
4195368,BNE,4195320
4203568,BEQ,4203680
4203704,BNE,4204016
4240648,BEQ,4240696
4240784,BNE,4240808
4240816,BNE,4240848
4240856,BEQ,4240920
4204048,JUMP,4204240
4241000,BEQ,4241336
4241008,BEQ,4241352
4208416,BNE,4208504
4204336,BEQ,4204384
4237152,BNE,4237176
4208520,JAL,4240624
4208552,BEQ,4208584
4237224,BNE,4237264
4241344,JUMP,4241360
4204480,JR,4208360
4208616,JUMP,4208760
4233200,BNE,4233384
4237296,BEQ,4237352
4237368,BNE,4237552
4233392,BNE,4233616
4208864,BEQ,4208936
4237560,BNE,4237784
4208960,JAL,4237040
4209016,BNE,4208824
4209024,JUMP,4209104
4233624,BNE,4233672
4233688,BNE,4233856
4209120,BEQ,4210904
4237792,BNE,4237840
4237848,BNE,4237896
4233872,BNE,4233896
4237968,BNE,4238008
4238080,BNE,4238296
4238160,BNE,4238176
4234088,BNE,4234768
4238192,JALR,4233944
4238288,BNE,4238312
4238304,JUMP,4238320
4201688,BNE,4201712
4214016,JAL,4263280
4214024,BGTZ,4214056
4201768,BNE,4201808
4201824,BNE,4201872
4201896,BEQ,4201984
4202008,JAL,4240064
4202024,JUMP,4210904
4202040,BEQ,4202352
4197960,JAL,4201536
4234824,BEQ,4234856
4234872,BNE,4234936
4234976,JAL,4233144
4234992,BNE,4235040
4235056,BEQ,4235224
4202368,BEQ,4202816
4202408,JAL,4240960
4202464,JAL,4240960
