Total Number of Intervals: ,6370 , Total Branches: ,0
4194728,3151
4194768,3151
4194784,2
4194816,4664
4194832,4632
4194848,4315
4194864,4124
4195000,3151
4195024,3151
4195120,3151
4195160,3412
4195168,2912
4195208,3412
4195240,2912
4195288,2910
4195336,1325
4195368,1324
4195568,2
4195760,3151
4195928,3151
4196040,3151
4196072,3151
4196192,3151
4196256,3151
4196488,2
4196552,2
4196608,1
4196728,1
4196808,4391
4196824,4610
4196840,4620
4197024,3151
4197048,3151
4197232,3151
4197440,3151
4197560,3151
4197608,3151
4197624,3151
4197672,3151
4197712,3151
4197856,3412
4197960,3591
4198128,3464
4198216,3463
4198272,3464
4198304,3628
4198328,4524
4198336,4509
4198344,4508
4198400,4508
4198424,4510
4198432,4509
4198488,4509
4198520,4519
4198528,3615
4198568,3628
4198616,3763
4198872,2910
4199456,2910
4199472,2910
4199640,2910
4199688,1919
4199728,1035
4199736,1018
4199752,1025
4199808,1025
4199832,1025
4199848,1018
4199904,1018
4199936,1035
4199944,748
4200032,748
4200048,647
4200208,3151
4200264,3151
4200360,3151
4200472,3151
4200664,3151
4200768,3151
4200776,3151
4200944,1
4201008,1
4201056,1
4201072,1
4201120,1
4201168,1
4201224,1
4201248,1
4201264,1
4201296,1
4201328,1
4201344,1
4201360,1
4201376,1
4201416,1
4201464,1
4201688,3591
4201768,3591
4201824,1325
4201848,2912
4201896,3591
4202008,3591
4202024,3591
4202040,3592
4202368,3590
4202408,3592
4202432,2912
4202464,3590
4202504,3592
4202656,3592
4202752,3592
4202800,2912
4202808,3590
4202832,3590
4203104,3590
4203368,3590
4203416,3590
4203568,3590
4203704,3590
4204048,3590
4204336,3590
4204480,1324
4204512,2911
4204592,2911
4204736,2911
4204856,2911
4205376,2911
4205416,2911
4205504,2912
4205584,2911
4205632,2911
4205704,2911
4205776,2911
4205880,2911
4205968,2911
4206032,2911
4206248,2911
4206360,2911
4206512,2911
4206672,2911
4207072,2911
4207328,2911
4207424,2911
4207488,2911
4207512,2911
4208416,1324
4208520,1324
4208552,1324
4208616,1324
4208864,1324
4208960,1324
4209016,1318
4209024,1324
4209120,1324
4210920,3592
4210944,3589
4213184,3151
4213240,3152
4213400,3152
4213424,3151
4213456,3152
4213472,3152
4213504,3151
4213616,3151
4213664,3151
4213688,3151
4213704,3151
4213760,3151
4213872,3157
4214016,3590
4214024,3590
4214192,3151
4214224,3151
4214288,1
4214392,3151
4214440,3151
4214464,3151
4214488,3151
4214512,3151
4214552,3151
4214584,3151
4215616,3412
4215696,3412
4215752,3412
4215792,3412
4215864,3412
4215912,3412
4215960,3412
4216016,3412
4216120,2912
4216376,3412
4216824,3412
4216936,3412
4217176,3412
4217440,3412
4217568,3412
4217600,3103
4217632,3412
4217648,3103
4217672,2911
4217728,3412
4217808,3413
4218424,3412
4218456,3413
4218680,3413
4218720,2912
4218728,3412
4218776,3412
4219064,3137
4219096,3412
4219112,3137
4219152,3412
4219216,3412
4219224,3412
4223808,3412
4223904,3412
4224144,4664
4224240,4664
4224248,4665
4224336,4665
4224520,3151
4224584,3151
4224600,3151
4224680,3151
4224808,3151
4224928,3152
4224952,3152
4225008,3152
4225032,3152
4225080,3152
4225128,3152
4225800,3152
4225984,3152
4226016,3152
4226024,3151
4226048,3152
4226072,3152
4226128,3151
4226168,3151
4226520,3151
4226696,3151
4226728,3151
4226752,3151
4226984,3151
4227192,3151
4227208,3152
4227432,3152
4227472,3152
4227616,3152
4230360,648
4230568,648
4230696,648
4230816,648
4230888,1
4231112,648
4231328,1
4231376,647
4231472,647
4231672,648
4232544,648
4232592,648
4232640,648
4232712,3151
4232760,3151
4232768,3151
4232792,3151
4233200,3837
4233392,3837
4233624,3837
4233688,3817
4233704,3151
4233736,2911
4233784,3151
4233792,3151
4233872,3817
4234088,3590
4234160,2912
4234664,2912
4234792,2913
4234824,3590
4234872,3590
4234928,2913
4234976,3590
4234992,3589
4235032,2911
4235056,3589
4235280,3590
4235320,3590
4235384,3590
4235432,3590
4235760,3591
4235976,3157
4236024,3157
4236120,3157
4236152,3157
4236528,3157
4236568,3157
4236584,3157
4236616,2911
4236624,3157
4236728,3157
4236744,3157
4236840,2911
4236920,3157
4237152,3592
4237224,3592
4237296,3592
4237368,3591
4237520,2912
4237560,3591
4237600,2912
4237656,2912
4237672,2912
4237744,2912
4237792,3591
4237848,3592
4237896,2913
4237968,3591
4238080,3591
4238112,2912
4238160,3591
4238192,3591
4238288,3591
4238304,3591
4238464,3412
4238536,3412
4238592,3157
4238656,3412
4238672,3138
4238824,3151
4238864,3138
4238904,3151
4238960,3151
4238976,3151
4239048,3151
4239096,3138
4239176,3157
4239384,3157
4239512,3157
4239648,3157
4239672,3157
4239864,3152
4240152,3412
4240176,3591
4240192,3412
4240248,3412
4240648,4091
4240760,1108
4240784,3916
4240800,888
4240816,1000
4240840,3548
4240856,764
4240896,817
4240984,3152
4241000,1324
4241008,1324
4241032,2912
4241144,3152
4241192,3153
4241248,2912
4241280,3151
4241288,3151
4241312,2911
4241328,2911
4241344,1324
4268440,3412
4268512,3412
4268632,3412
4268888,4664
4269152,4664
4269336,5187
4270976,3153
4271144,3152
4271184,3152
4271232,3151
4271248,2912
4283288,3153
4283304,647
4283328,3153
4283352,647
4283528,2912
4289648,3153
4289680,647
4289712,647
4291216,2912
4291520,2912
4291552,2912
4291632,2912
4291848,2911
4292104,2911
4292160,2911
4292312,2911
4292568,2911
4292624,2911
4292776,2911
4293072,2911
4293096,2911
4296040,2911
4298936,2911
4299264,2911
4299296,2911
4299376,2911
4299592,2911
4299848,2911
4299904,2911
4300056,2911
4300312,2911
4300368,2911
4300520,2911
4300816,2911
4300840,2911
4303720,2911
4303784,2911
