4255744,BEQ,4255440
4259848,BNE,4260000
4231184,JALR,4269744
4259864,BEQ,4260000
4263976,JAL,4276224
4255784,BNE,4255832
4231208,BEQ,4231256
4272176,BLTZ,4272288
4235328,BNE,4235552
4264016,BEQ,4264064
4231264,BEQ,4231280
4239456,JAL,4270640
4276344,BNE,4276256
4231288,BNE,4231312
4239496,BNE,4239720
4255896,JAL,4270192
4255904,BLEZ,4256016
4206760,JAL,4213488
4251816,BNE,4252656
4231336,BGEZ,4231352
4264112,BNE,4264152
4239536,BNE,4239560
4260032,BNE,4263568
4231384,BEQ,4232032
4198632,BC1F,4198664
4239592,JAL,4232168
4239608,BNE,4239664
4276488,BNE,4276392
4272392,BNE,4272448
4198688,BC1F,4198712
4272424,BGEZ,4272376
4235560,BNE,4235608
4247856,JAL,4271344
4256056,JAL,4272496
4198720,JAL,4213328
4247872,BEQ,4247928
4256064,BEQ,4256352
4239680,BNE,4239720
4198728,BNE,4198760
4272464,BEQ,4272480
4235624,BNE,4235792
4239728,BNE,4239776
4215160,BNE,4215184
4198784,BC1F,4198848
4247936,BNE,4248064
4256128,BEQ,4256232
4272528,BNE,4272552
4235672,JUMP,4235840
4264360,JAL,4272096
4239784,BNE,4239832
4194728,JAL,4197040
4215240,BNE,4215280
4264400,JAL,4272096
4276688,BEQ,4276712
4194768,JAL,4194800
4198872,JAL,4208624
4272600,BNE,4274472
4239832,BNE,4240032
4256232,BEQ,4256328
4276720,BEQ,4277368
4215296,BNE,4215344
4198912,BEQ,4198928
4207128,JUMP,4207280
4272664,JUMP,4272720
4215320,JAL,4238976
4235808,BNE,4235832
4239904,BNE,4239944
4248120,BEQ,4248136
4264520,JAL,4276528
4215368,BEQ,4215456
4194888,JAL,4196952
4256336,BEQ,4256352
4240016,BNE,4240232
4256408,BLTZ,4256024
4264616,JAL,4279408
4207280,JAL,4228288
4272816,BNE,4272832
4240048,BEQ,4240088
4256432,BNE,4256488
4264632,JUMP,4264776
4215480,JAL,4226640
4248264,BNE,4248200
4264648,JUMP,4264888
4215496,JUMP,4224376
4248272,JUMP,4248344
4195024,JAL,4199248
4256472,JAL,4272336
4215512,BEQ,4215824
4240096,BNE,4240112
4199152,JAL,4206552
4195064,JAL,4197568
4236024,BNE,4236704
4272888,BEQ,4272960
4240128,JALR,4235880
4256520,JAL,4270192
4195096,JAL,4199248
4256544,BNE,4256600
4248360,BEQ,4248432
4195120,JAL,4197568
4236096,BEQ,4236536
4256584,JAL,4272336
4195152,JAL,4199248
4272976,BNE,4272992
4240224,BNE,4240248
4240240,JUMP,4240256
4248440,JUMP,4248608
4256632,JAL,4270192
4232056,BGEZ,4232072
4195200,JAL,4199248
4273040,BEQ,4273104
4199320,JAL,4215008
4195232,JAL,4199360
4264864,BNE,4264640
4256680,BEQ,4257080
4264872,BNE,4264840
4244400,JAL,4271040
4244408,BGTZ,4244440
4264896,BNE,4264920
4195280,JAL,4199248
4199392,BNE,4199408
4195304,JAL,4199248
4256752,JAL,4276368
4195328,JAL,4200432
4264960,JAL,4270192
4195352,JAL,4199248
4252696,JAL,4270192
4215840,BEQ,4216288
4199464,BEQ,4199528
4248616,BNE,4248632
4265000,JAL,4272096
4195376,JAL,4199248
4232240,BEQ,4232264
4252736,BGEZ,4252752
4195400,JAL,4200432
4215880,JAL,4246560
4265040,BEQ,4265096
4256856,BEQ,4256960
4232280,JAL,4230720
4252768,BEQ,4252808
4215904,BNE,4215960
4232304,BEQ,4232320
4199552,BNE,4199584
4215936,JAL,4246560
4252800,JUMP,4252728
4232328,BEQ,4233248
4252832,BGEZ,4252848
4199592,BNE,4199624
4265128,JAL,4276224
4215976,BNE,4216072
4265144,BEQ,4265208
4277432,BNE,4277528
4273336,BEQ,4273408
4199640,BNE,4199736
4256984,BLEZ,4257048
4273384,BEQ,4273408
4273416,BNE,4273440
4265240,JAL,4276224
4212000,JAL,4212104
4277544,BLTZ,4278288
4265256,BEQ,4265320
4257072,JUMP,4257472
4199736,BNE,4199872
4236600,BNE,4236704
4216128,BEQ,4216200
4253000,JAL,4270192
4277584,BNE,4277712
4224344,JALR,4249152
4212056,JUMP,4212072
4257136,JAL,4276368
4257152,BEQ,4257456
4265352,BNE,4265400
4224392,BNE,4215504
4228496,JUMP,4229192
4265360,BNE,4265408
4224416,BEQ,4224496
4216224,JAL,4238976
4265384,JAL,4272336
4265392,BGEZ,4265408
4236728,BEQ,4236784
4212152,BEQ,4212248
4273600,BEQ,4273672
4253120,JAL,4272336
4253128,BNE,4253496
4199888,BNE,4199904
4216272,BNE,4216088
4236760,BEQ,4236792
4216280,JUMP,4224376
4265440,BEQ,4265472
4277728,BNE,4277744
4273648,BEQ,4273672
4216304,BNE,4216472
4236808,BNE,4236872
4273680,BNE,4273704
4212264,BNE,4212400
4277816,BEQ,4277888
4273720,JUMP,4276168
4236864,JUMP,4237632
4265544,JAL,4279632
4200016,BEQ,4200040
4265560,BEQ,4265848
4200032,JUMP,4200080
4200048,BEQ,4200216
4236912,JAL,4235080
4236928,BNE,4236976
4277904,BNE,4277920
4236968,JUMP,4237160
4265648,BEQ,4265752
4200120,BNE,4200160
4236992,BEQ,4237160
4269760,JAL,4280128
4257480,BEQ,4257536
4277984,BEQ,4278056
4212456,JUMP,4212472
4216576,JUMP,4216784
4200208,BNE,4199976
4200224,BEQ,4200240
4200240,BEQ,4200280
4265776,BLEZ,4265840
4257592,JAL,4272336
4269896,BEQ,4269944
4212560,JAL,4234608
4200280,BGEZ,4200296
4253528,JAL,4272496
4212568,BNE,4212592
4200296,BEQ,4200360
4278128,BNE,4278216
4278144,BEQ,4278216
4257664,JAL,4276224
4237216,JALR,4244288
4253600,BEQ,4253704
4200368,BEQ,4200416
4257712,BEQ,4257760
4237256,BEQ,4237288
4265936,BNE,4266064
4249576,JAL,4245952
4270056,BNE,4269968
4265968,JAL,4272336
4249584,BEQ,4249608
4265984,JUMP,4266064
4270080,BEQ,4270120
4237320,BEQ,4237352
4253704,BEQ,4253800
4216840,BEQ,4216864
4257808,BNE,4257848
4249616,JAL,4245840
4249624,BEQ,4249696
4278304,JUMP,4279304
4270128,BEQ,4270168
4237368,BNE,4237632
4216888,BNE,4217000
4200528,BNE,4200560
4257880,BNE,4257896
4266080,BNE,4266128
4249696,BEQ,4250832
4208752,JAL,4229248
4253816,BEQ,4253832
4266120,BNE,4266288
4200592,JAL,4226640
4208792,JAL,4228288
4266136,BEQ,4266272
4282520,JAL,4282880
4229288,JAL,4245952
4208816,BNE,4208896
4229296,BEQ,4229320
4253896,JUMP,4254304
4270280,BNE,4270504
4229328,JAL,4245840
4217040,BEQ,4217152
4229336,BEQ,4229368
4253920,JAL,4272336
4253928,BGEZ,4254328
4233448,BEQ,4233680
4200696,BEQ,4200760
4258056,JAL,4272096
4229392,BC1F,4229432
4221200,JUMP,4224008
4253992,JAL,4276224
4266280,JUMP,4266296
4254008,BEQ,4254072
4258104,JAL,4272096
4258120,BEQ,4258176
4266312,BNE,4266352
4200784,BNE,4200808
4217176,BNE,4217488
4274528,JUMP,4274584
4200816,BNE,4200832
4196720,BNE,4196800
4237696,BEQ,4237720
4245888,BNE,4245936
4229512,JUMP,4229592
4266376,BEQ,4263920
4254104,JAL,4276224
4266392,BLEZ,4266456
4282784,BEQ,4282800
4254120,BEQ,4254184
4258224,JAL,4276528
4196808,BEQ,4196888
4266448,BGTZ,4266408
4233688,JAL,4231112
4270560,BNE,4270520
4246000,BNE,4246056
4200960,BEQ,4201072
4233728,BGEZ,4233744
4254216,JAL,4276224
4266504,BGTZ,4266544
4258320,JAL,4279408
4274704,BLTZ,4275216
4200984,BC1F,4201008
4254232,BEQ,4254296
4258336,JUMP,4258480
4196904,JAL,4211968
4258352,JUMP,4258592
4266552,BNE,4266592
4201048,BEQ,4201096
4201064,JUMP,4201096
4201072,BNE,4201112
4254320,BEQ,4253904
4213384,JAL,4245840
4197000,JAL,4196656
4201104,JUMP,4200920
4209296,JUMP,4209384
4233872,JUMP,4234536
4270744,JAL,4282416
4213408,JAL,4245952
4217520,JUMP,4217712
4270784,BNE,4270824
4197056,JAL,4212496
4201168,BNE,4201360
4266704,BNE,4266656
4246248,BEQ,4246296
4254440,JAL,4272096
4266752,BEQ,4266784
4270848,JAL,4282464
4258568,BNE,4258344
4254472,BEQ,4254520
4258576,BNE,4258544
4258600,BNE,4258624
4246360,BEQ,4246328
4246384,BNE,4246408
4258672,JAL,4270192
4201360,BEQ,4201376
4246416,BNE,4246448
4254608,JAL,4276368
4266912,BLEZ,4267096
4258720,JAL,4272096
4221888,BNE,4221976
4258760,BEQ,4258816
4217808,BEQ,4217856
4246496,JUMP,4246536
4201456,JAL,4197568
4254720,BEQ,4254824
4201504,JUMP,4201608
4275232,BNE,4275248
4221992,JAL,4246224
4258856,JAL,4276224
4258872,BEQ,4258936
4246584,BEQ,4246640
4222024,BEQ,4222056
4246600,BEQ,4246936
4209744,BEQ,4209760
4246608,BEQ,4246952
4267104,BEQ,4267200
4217952,JR,4221832
4246632,BNE,4246592
4275328,BEQ,4275400
4254848,BLEZ,4254920
4222088,JUMP,4222232
4258968,JAL,4276224
4201640,JAL,4197568
4258984,BEQ,4259048
4267224,BEQ,4267320
4275416,BNE,4275432
4246744,BNE,4246800
4201696,JUMP,4201856
4254944,JUMP,4255336
4250880,JAL,4271840
4259080,BNE,4259128
4246792,BEQ,4246688
4271376,BEQ,4271424
4259088,BNE,4259136
4246816,BEQ,4246960
4246824,BEQ,4246952
4259112,JAL,4272336
4275504,BEQ,4275576
4250928,JUMP,4251000
4271416,BNE,4271368
4267328,BEQ,4267472
4246848,BEQ,4246960
4197704,BC1F,4197736
4259168,BEQ,4259200
4246880,BEQ,4246960
4246888,BEQ,4246952
4222336,BEQ,4222408
4246912,BEQ,4246960
4197776,BC1T,4197800
4234648,BNE,4234680
4246944,JUMP,4246960
4275616,JUMP,4276168
4251040,BNE,4251296
4197808,BC1T,4197832
4279752,BNE,4279656
4259272,JAL,4279632
4234696,JAL,4246560
4197840,JAL,4213328
4234704,BEQ,4234736
4259288,BEQ,4259576
4197848,BNE,4198016
4222432,JAL,4238976
4271584,BEQ,4271712
4234728,JUMP,4234688
4267520,BNE,4267744
4222488,BNE,4222296
4222496,JUMP,4222576
4259376,BEQ,4259480
4247144,BNE,4247168
4255344,BEQ,4255400
4230776,JALR,4269744
4222592,BEQ,4224376
4271744,JUMP,4271792
4271760,BNE,4271784
4198040,BC1F,4198064
4263576,BGEZ,4263776
4226728,BNE,4226760
4251304,BNE,4251768
4198056,JUMP,4198408
4247216,BNE,4247256
4259504,BLEZ,4259568
4230840,JALR,4269744
4263616,BGTZ,4263656
4271808,BNE,4271752
4226752,JUMP,4227120
4198088,BC1F,4198112
4255432,JUMP,4255632
4230856,BEQ,4230872
4226768,BNE,4226792
4255456,JAL,4272336
4255464,BLTZ,4255752
4198128,JAL,4213488
4239088,BNE,4239112
4226824,BEQ,4227112
4267784,JAL,4246976
4198160,JUMP,4198216
4255504,JAL,4276224
4230936,JAL,4269824
4255520,BEQ,4255576
4239160,BNE,4239200
4247360,JAL,4238976
4259664,BNE,4259792
4198224,JAL,4198512
4267856,BEQ,4268080
4263768,BNE,4263728
4198232,JUMP,4198408
4280152,BNE,4280176
4247392,BNE,4247416
4271968,BNE,4272048
4259696,JAL,4272336
4235136,BNE,4235320
4259712,JUMP,4259792
4263808,BNE,4266384
4239232,BEQ,4239288
4255632,JAL,4272096
4231064,JUMP,4231080
4255664,BEQ,4255712
4247480,JAL,4235080
4247496,BNE,4247528
4239304,BNE,4239488
4259808,BNE,4259856
4247544,BNE,4247760
