4235264,BNE,4235152
4333568,BEQ,4333608
4448264,BNE,4448312
4419600,BEQ,4419616
4227088,JAL,4229088
4435992,BC1F,4436016
4227104,BNE,4227120
4333600,JUMP,4333632
4444200,JALR,4452792
4235312,BNE,4235096
4444208,BGEZ,4444256
4333616,JAL,4448792
4452400,JAL,4450216
4227128,BNE,4227160
4456504,BEQ,4456576
4448312,BNE,4448512
4202560,JAL,4414368
4423744,JALR,4470656
4436040,BC1F,4436064
4202576,JAL,4422064
4468824,JUMP,4468912
4423768,BEQ,4423816
4472928,BNE,4473120
4268136,BNE,4268240
4415592,BEQ,4415608
4436080,JAL,4468416
4468848,JUMP,4468896
4456568,BNE,4456464
4333688,JUMP,4333720
4472952,JAL,4494368
4444288,BNE,4444312
4296840,BNE,4296504
4436112,JUMP,4436168
4423824,BEQ,4423840
4415640,BEQ,4415752
4456608,JUMP,4456800
4452512,JAL,4473392
4472992,BNE,4473032
4423848,BNE,4423872
4333744,BEQ,4333768
4227256,BNE,4227288
4436176,JAL,4436464
4473040,BNE,4473104
4436184,JUMP,4436360
4423896,BGEZ,4423912
4219096,JAL,4243888
4292832,BGEZ,4292592
4292864,JAL,4288400
4227336,BNE,4227224
4423944,BEQ,4424592
4268304,JAL,4359920
4448528,BEQ,4448568
4198672,BC1F,4198760
4292888,BEQ,4293104
4415776,JAL,4422832
4469032,BNE,4468880
4419880,BC1F,4419920
4452656,JAL,4473456
4452664,BGTZ,4452696
4297024,BNE,4296912
4448576,BNE,4448592
4268360,BNE,4268384
4419912,BC1F,4419936
4444504,BNE,4445184
4415832,BEQ,4415904
4419928,JUMP,4420064
4448608,JALR,4444360
4276584,BEQ,4276696
4280680,BC1F,4281176
4219248,BNE,4225368
4419960,BC1F,4420000
4448632,BEQ,4448680
4473208,BNE,4473240
4469120,BEQ,4469304
4198784,BC1F,4199248
4469128,BEQ,4469264
4202896,JAL,4416848
4440464,JAL,4472144
4444576,BEQ,4445016
4415912,JUMP,4416080
4473256,JAL,4473904
4194728,JAL,4412880
4202928,JAL,4416848
4460976,BNE,4461064
4473264,BEQ,4473296
4297144,JAL,4421104
4420024,BC1F,4420056
4448704,BNE,4448728
4456896,BEQ,4456944
4473288,JUMP,4473248
4194768,JAL,4194800
4202968,JAL,4416848
4440544,JAL,4472496
4452832,JAL,4473520
4293096,BGEZ,4292952
4440552,BEQ,4440576
4452840,BLTZ,4452872
4493816,BNE,4493840
4452864,JUMP,4452880
4293136,BNE,4291584
4297240,JAL,4442272
4461080,JAL,4432896
4493856,JAL,4502464
4469296,JUMP,4469376
4276792,BNE,4276408
4461112,BEQ,4461144
4297288,JAL,4421104
4420168,JAL,4466224
4354640,BNE,4354112
4420176,BNE,4420200
4457040,JR,4460272
4289104,BGEZ,4288472
4276824,BNE,4275656
4416088,BNE,4416104
4436584,BC1F,4436616
4194920,JAL,4212232
4457072,BEQ,4457144
4448880,BNE,4448904
4436600,BC1T,4436760
4461176,JUMP,4461320
4194936,BNE,4194968
4297344,JAL,4421104
4420224,JAL,4467008
4436640,BC1F,4436664
4358816,BNE,4358448
4440736,JAL,4472560
4473504,JUMP,4473344
4453032,BNE,4453056
4436656,JUMP,4437112
4420272,JAL,4468416
4203184,JAL,4419856
4194992,JAL,4218856
4297400,BNE,4297256
4448952,BNE,4448992
4432568,BNE,4432552
4436672,JAL,4466224
4473536,BNE,4473504
4457152,BEQ,4457224
4436680,BNE,4436712
4268752,JAL,4355024
4354776,BNE,4353952
4420312,BC1F,4420776
4453080,BEQ,4453096
4195032,JAL,4413408
4436704,JUMP,4436776
4195040,BNE,4195064
4272880,BLEZ,4273040
4268784,JAL,4349872
4449008,BEQ,4449080
4297456,BNE,4297096
4436736,BC1F,4436800
4354824,BNE,4353232
4453128,BEQ,4453144
4195080,JAL,4414072
4293400,BNE,4293320
4264728,JUMP,4264792
4195096,BNE,4195160
4436768,JUMP,4437112
4453152,BEQ,4453192
4461352,BEQ,4461592
4260656,JAL,4260784
4436792,JUMP,4437112
4453176,JAL,4473648
4354880,BNE,4350080
4203328,BEQ,4203400
4453184,JUMP,4453200
4453192,JAL,4473648
4457296,JUMP,4457368
4436824,JAL,4418480
4264792,BEQ,4264848
4260696,JAL,4414368
4260704,JAL,4260904
4445024,BEQ,4445184
4195176,JAL,4226272
4453224,JUMP,4453240
4195192,JAL,4195728
4436864,BEQ,4436880
4268928,BNE,4268848
4281224,BNE,4280584
4260744,JAL,4414368
4195208,JAL,4201264
4510616,JAL,4510704
4199320,JAL,4253824
4432792,BEQ,4432856
4281248,BLEZ,4281744
4277160,BNE,4278528
4203432,BEQ,4203480
4199336,BGEZ,4199376
4424616,BGEZ,4424632
4264880,JAL,4416848
4461488,JUMP,4461552
4232112,JAL,4335048
4273096,BNE,4272800
4195272,JAL,4226504
4457416,BEQ,4457816
4502480,BEQ,4502496
4264920,JAL,4416848
4441048,JUMP,4441064
4449240,JAL,4472848
4273120,BEQ,4273488
4199400,JAL,4253560
4412400,BNE,4412528
4260856,JAL,4440416
4199416,BGEZ,4199456
4232184,JAL,4229832
4264960,JAL,4416848
4195336,JAL,4208496
4461576,BNE,4461384
4461584,JUMP,4461664
4203544,BC1T,4203648
4445208,BEQ,4445264
4269080,BNE,4269000
4432920,BEQ,4432968
4297760,JAL,4232416
4351016,BGEZ,4350216
4265000,JAL,4416848
4199464,BEQ,4199904
4449320,BNE,4449344
4351024,JUMP,4353192
4228144,JAL,4413408
4441144,JAL,4472608
4445240,BEQ,4445272
4228152,BNE,4228184
4441152,BNE,4441256
4269120,JUMP,4269864
4461632,JAL,4414448
4473928,BEQ,4473984
4265040,JAL,4416848
4473944,BEQ,4474280
4473952,BEQ,4474296
4449376,JAL,4424728
4424800,BEQ,4424824
4445288,BNE,4445352
4228200,JAL,4414072
4437104,JAL,4437928
4260976,JAL,4440416
4461680,BEQ,4463464
4449392,BNE,4449448
4473976,BNE,4473936
4228216,BNE,4228280
4232320,BNE,4232368
4424832,BNE,4424856
4265096,BC1F,4265120
4424840,JAL,4423280
4433032,BEQ,4433000
4412568,JUMP,4412680
4433056,BNE,4433080
4445344,JUMP,4446112
4424864,BEQ,4424880
4441264,JUMP,4442112
4433072,JUMP,4433208
4449464,BNE,4449504
4424888,BEQ,4425808
4420800,BC1T,4421024
4203728,BNE,4203744
4445392,JAL,4443560
4228304,BNE,4228440
4433112,JUMP,4433208
4445408,BNE,4445456
4510944,BNE,4510968
4203752,BNE,4203784
4474088,BNE,4474144
4424944,BNE,4424928
4510976,JUMP,4511048
4412680,JUMP,4412696
4424984,BEQ,4425328
4474136,BEQ,4474032
4445472,BEQ,4445640
4412712,JAL,4451456
4203824,JAL,4261664
4474160,BEQ,4474304
4293944,BC1T,4293976
4265272,BNE,4265288
4449592,BEQ,4449784
4261192,JAL,4440496
4474192,BEQ,4474304
4511056,JUMP,4511184
4437344,JAL,4468416
4416864,BNE,4417152
4502896,JAL,4502960
4425072,BGEZ,4425088
4474224,BEQ,4474304
4261240,JAL,4440640
4474232,BEQ,4474296
4334968,JAL,4333192
4228472,JAL,4232048
4265352,BGEZ,4265328
4228488,BNE,4228608
4474256,BEQ,4474304
4334992,JAL,4333192
4416920,BEQ,4416968
4412832,JAL,4412312
4474272,JUMP,4474296
4294064,BNE,4293904
4474288,JUMP,4474304
4359624,BNE,4359096
4261320,JAL,4440704
4457936,BNE,4457968
4416976,BEQ,4417088
4412896,JAL,4451984
4265448,JAL,4421104
4335080,JAL,4333504
4433392,BNE,4433416
4457976,BNE,4457992
4195832,JAL,4416848
4281856,BC1F,4282240
4457984,BEQ,4458208
4445696,JALR,4452544
4335104,JAL,4333504
4294152,JAL,4420096
4449800,BEQ,4449872
4228624,BNE,4229024
4232728,BNE,4232584
4265496,JAL,4435520
4195872,JAL,4416848
4294184,BNE,4294112
4445736,BEQ,4445768
4511272,JUMP,4511288
4273712,BNE,4273880
4195888,JAL,4244848
4421176,JAL,4466224
4433464,BNE,4433504
4265528,BNE,4265416
4417080,BNE,4416992
4421184,BNE,4421208
4515400,BEQ,4515464
4359760,BNE,4358944
4421200,JUMP,4422000
4458064,JAL,4502816
4417104,BEQ,4417144
4200032,BNE,4200056
4445800,BEQ,4445832
4466280,JAL,4472736
4425320,JUMP,4427088
4421232,JAL,4467008
4466288,BNE,4466320
4417136,BNE,4417112
4425336,JAL,4424728
4359808,BNE,4358232
4466304,JAL,4472608
4200064,BEQ,4200080
4417152,BEQ,4417192
4294280,BNE,4294232
4421256,JAL,4468416
4515464,JUMP,4518200
4449928,BEQ,4450008
4265624,JAL,4421104
4445848,BNE,4446112
4458144,JAL,4510544
4503200,BNE,4503224
4200096,JAL,4255296
4417184,BNE,4417160
4421296,BC1F,4421616
4433584,BEQ,4433680
4200120,BNE,4200176
4503232,JUMP,4503304
4196032,BEQ,4196056
4265672,JAL,4435520
4458192,BNE,4457992
4232920,BNE,4232776
4437728,JUMP,4437880
4290280,JAL,4293696
4265704,BNE,4265592
4196072,BEQ,4196096
4294384,BNE,4294352
4466424,JAL,4472608
4273912,BC1T,4274064
4466432,BEQ,4466456
4200192,BNE,4200216
4196104,BNE,4196128
4232976,JAL,4234584
4503312,JUMP,4503440
4450064,JALR,4446288
4458264,BEQ,4458336
4466464,JAL,4472736
4466472,BEQ,4466504
4265768,BGEZ,4265744
4208424,BEQ,4208440
4511528,BNE,4511544
4417336,BC1F,4417408
4204352,JAL,4264400
4208448,JAL,4422832
4425544,BNE,4425440
4233040,JAL,4435520
4196184,JUMP,4196200
4294496,JAL,4421104
4458336,BLEZ,4458424
4511584,BNE,4511600
4466528,BC1F,4466568
4454248,BNE,4454272
4233072,BNE,4233008
4261752,JAL,4261152
4433784,JAL,4422832
4437880,JAL,4450336
4360056,JAL,4421104
4294528,BNE,4294456
4433792,JUMP,4433888
4417416,JAL,4466224
4261776,JAL,4261288
4470672,JAL,4493792
4360088,JAL,4420096
4417440,JUMP,4418416
4356008,BGEZ,4355216
4274096,BC1F,4274112
4356016,JUMP,4358192
4282288,BNE,4281760
4429752,BEQ,4429832
4454328,BNE,4454368
4261824,JAL,4414368
4282312,BLEZ,4282808
4261832,JUMP,4264344
4458440,BEQ,4458480
4466648,JUMP,4466728
4294616,BNE,4294584
4360160,BNE,4360040
4446176,BEQ,4446200
4429792,BNE,4429624
4503528,JUMP,4503544
4450280,JAL,4416848
4233200,JAL,4435520
4454384,BNE,4454432
4200432,BNE,4200456
4253680,BNE,4253704
4511736,BEQ,4511936
4204544,JUMP,4204776
4274176,BC1F,4274192
4253696,JUMP,4253720
4429824,JUMP,4429928
4413448,BEQ,4413488
4433928,JUMP,4434368
4454408,JAL,4447456
4429840,BEQ,4429936
4208664,BNE,4208736
4274200,BC1F,4274224
4421656,JUMP,4422000
4413464,BEQ,4413408
4270112,BGEZ,4269968
4458528,BEQ,4458544
4253728,BNE,4253792
4413480,JUMP,4413496
4233272,BNE,4233136
4274232,BC1F,4274248
4454456,BEQ,4454544
4470848,JUMP,4471216
4200512,BNE,4200576
4360264,JAL,4421104
4507720,JUMP,4510456
4425800,JUMP,4427088
4294736,BNE,4294672
4458584,BNE,4458792
4458592,JUMP,4458768
4229224,JAL,4433232
4429928,BNE,4429904
4438136,JAL,4468416
4274304,BC1F,4274320
4360328,BNE,4360224
4229264,BEQ,4229320
4200592,BNE,4200648
4413584,JAL,4416848
4208800,JAL,4416848
4454568,JAL,4470736
4253864,BNE,4253904
4413608,BEQ,4413728
4454584,JUMP,4463464
4446392,BNE,4446432
4413624,BEQ,4413656
4290760,JAL,4284304
4274376,BC1F,4274480
4266184,JAL,4280400
4454600,BEQ,4454912
4233424,JAL,4435520
4442320,JAL,4466224
4200656,BNE,4200728
4442328,BNE,4442352
4229336,JAL,4254400
4253912,BNE,4253944
4413664,BEQ,4413704
4208872,BNE,4208888
4229352,BNE,4229408
4503784,BNE,4503800
4446440,BNE,4446472
4450544,JUMP,4451240
4294896,JAL,4421104
4360432,JAL,4421104
4290808,JAL,4284304
4511992,BNE,4512008
4266240,BEQ,4266256
4253952,BNE,4253984
4442376,JAL,4467008
4208904,BNE,4209088
4270352,BGEZ,4270248
4278552,BNE,4279304
4475160,JAL,4472608
4426008,BEQ,4426240
4413720,JUMP,4413744
4229408,BNE,4229440
4475168,BEQ,4475192
4503840,BNE,4503856
4233512,BNE,4233384
4266280,BNE,4266216
4253992,BNE,4254024
4426024,BNE,4426240
4442416,JAL,4468416
4294960,BNE,4294872
4360496,BNE,4360392
4512048,BNE,4512064
4270392,BGEZ,4270176
4458808,BEQ,4458912
4290880,BNE,4290832
4475200,JAL,4472736
4446536,JAL,4443560
4229456,BNE,4229488
4204896,BNE,4204920
4413792,BEQ,4413904
4254056,JUMP,4254144
4446568,BEQ,4446904
4413808,BEQ,4413848
4290936,BNE,4290728
4229504,BNE,4229536
4225416,JUMP,4225472
4442512,JUMP,4443240
4295056,JAL,4421104
4266384,BGEZ,4266360
4233624,JAL,4435520
4274592,BEQ,4274648
4458920,BEQ,4459064
4229552,BEQ,4229648
4233656,JAL,4435520
4475320,BEQ,4475336
4503992,BEQ,4504192
4512200,BEQ,4512400
4196808,BEQ,4196864
4413896,BNE,4413776
4225480,JAL,4429552
4295120,BNE,4295032
4200912,BNE,4200768
4225488,JUMP,4225552
4233696,BNE,4233568
4438504,JUMP,4438656
4295144,BGEZ,4294800
4467176,JAL,4472736
4291056,BC1F,4291272
4475376,BEQ,4475392
4422128,BNE,4422344
4274680,BC1F,4274728
4266496,BEQ,4266560
4426248,JAL,4423672
4291088,BC1F,4291272
4454928,BEQ,4455376
4254224,JAL,4424728
4205080,JAL,4290120
4467232,BC1F,4467264
4282912,BC1F,4283432
4196896,BGEZ,4196920
4225576,BEQ,4225592
4205104,BNE,4205352
4426288,BGEZ,4426304
4414000,JUMP,4414032
4209208,BC1T,4209328
4475448,BLEZ,4475624
4454968,JAL,4473904
4459072,BEQ,4459216
4254272,JAL,4416848
4254280,JUMP,4254344
4467280,JAL,4472608
4454992,BNE,4455048
4225616,BNE,4225648
4467288,BEQ,4467320
4266584,BEQ,4266648
4475496,BNE,4475552
4295280,JAL,4421104
4455024,JAL,4473904
4229752,BEQ,4229808
4438656,JAL,4450336
4467336,JAL,4472736
4467344,BEQ,4467368
4201104,BNE,4200960
4225680,BNE,4225704
4455064,BNE,4455160
4197016,BNE,4197032
4201120,BEQ,4201192
4414120,BNE,4414160
4295344,BNE,4295256
4270768,BNE,4270792
4504248,BNE,4504264
4270784,JUMP,4270832
4467392,BEQ,4467528
4426432,JUMP,4427096
4287176,BGEZ,4284960
4274888,BNE,4274800
4455112,JAL,4414448
4225744,BNE,4225792
4414168,JAL,4413504
4274912,BC1F,4274928
4422368,BNE,4422392
4459232,BEQ,4459584
4291296,BC1F,4291512
4414184,JAL,4452176
4455152,JUMP,4463464
4209392,JAL,4208360
4512496,JUMP,4512512
4504304,BNE,4504320
4291328,BC1F,4291512
4274944,BC1F,4274960
4254464,JAL,4429552
4512520,JUMP,4515400
4446984,JALR,4452496
4295440,JAL,4421104
4225808,JAL,4429552
4197144,BEQ,4197208
4447000,BNE,4447040
4414232,JAL,4452976
4254496,JAL,4413408
4274984,BC1F,4275000
4254504,BNE,4254528
4422440,BNE,4422480
4205360,BEQ,4205384
4229936,JAL,4416848
4225840,JAL,4432544
4229952,JAL,4335048
4447040,BGEZ,4447080
4414272,JUMP,4414320
4275016,BC1F,4275032
4463432,JALR,4474736
4266832,BLEZ,4266904
4254544,JAL,4413408
4295504,BNE,4295416
4270928,JAL,4441088
4205400,BNE,4205432
4422496,JAL,4447456
4295528,BGEZ,4295184
4254568,BEQ,4254584
4475752,BEQ,4475848
4229992,BEQ,4230056
4467568,BC1F,4467648
4455280,JUMP,4455344
4463480,BNE,4454592
4197240,BEQ,4197280
4270984,BC1T,4271056
4504456,BEQ,4504656
4230024,JAL,4334936
4209552,BNE,4209624
4463504,BEQ,4463584
4205464,BEQ,4205592
4275096,BC1F,4275112
4463520,JAL,4422064
4230048,JUMP,4230504
4447144,BEQ,4446936
4230072,JAL,4335048
4447160,BNE,4447224
4455360,BNE,4455176
4455368,JUMP,4463464
4197320,JAL,4417216
4475856,BEQ,4476000
4414416,JAL,4454096
4291544,BNE,4291008
4295640,JAL,4421104
4230104,BNE,4230400
4226008,JAL,4432896
4455392,BNE,4455560
4197344,JAL,4419856
4230120,JAL,4334936
4271096,BC1T,4271216
4201464,JAL,4260624
4226040,JAL,4413408
4295680,JAL,4421104
4226048,BNE,4226064
4201488,BNE,4201552
4230160,JAL,4333192
4418608,JAL,4466384
4230192,JAL,4333192
4226096,BNE,4226120
4234296,BC1F,4234312
4291640,BNE,4291688
4467768,BC1F,4468104
4295744,BGEZ,4295576
4209728,JAL,4202656
4230224,JAL,4334936
4234328,JAL,4435520
4283480,BNE,4282816
4197464,BLEZ,4197752
4418648,JAL,4450336
4201576,BC1T,4201648
4447336,JUMP,4447376
4291696,BNE,4292416
4267120,BNE,4267072
4459632,BNE,4459824
4418672,BNE,4418752
4205696,JAL,4297616
4234376,JAL,4435520
4459656,BLEZ,4459824
4279440,BNE,4279560
4230288,JAL,4333192
4414616,BNE,4414640
4234400,JAL,4437200
4451488,JAL,4451592
4504752,JUMP,4504768
4230320,JAL,4333192
4234432,JAL,4435520
4283592,BC1F,4284112
4476104,JUMP,4476136
4504776,JUMP,4507656
4295880,BNE,4295824
4275408,BEQ,4275520
4267224,BGTZ,4267184
4201688,BC1F,4201808
4451544,JUMP,4451560
4414688,BNE,4414728
4455664,JUMP,4455872
4230416,BEQ,4230016
4234520,JAL,4435520
4476184,BNE,4476016
4226336,JAL,4228032
4226344,JAL,4228000
4287792,BGEZ,4287688
4422960,BEQ,4423016
4476216,BEQ,4493664
4226360,JAL,4228000
4451640,BEQ,4451736
4455752,JR,4455840
4226376,JAL,4228016
4414800,BNE,4414896
4447568,BNE,4447592
4226392,JAL,4228016
4271456,JAL,4441088
4423008,BNE,4422968
4230496,BNE,4230064
4201832,BC1F,4201952
4226408,JAL,4227984
4296048,BNE,4295992
4423024,BNE,4423072
4279680,BEQ,4279704
4197760,BLEZ,4198128
4230528,JAL,4229720
4287880,BGEZ,4287640
4296072,BGEZ,4295920
4275592,BNE,4275232
4423056,JAL,4468528
4423064,JUMP,4423104
4447640,BNE,4447680
4468128,BC1F,4468232
4267424,BNE,4267504
4472232,JAL,4416848
4451752,BNE,4451888
4279728,JUMP,4279848
4459952,JUMP,4460016
4423096,JAL,4469056
4230592,BGEZ,4230608
4296152,BNE,4296096
4447712,BEQ,4447768
4455904,BEQ,4455672
4271584,BNE,4270544
4443616,BNE,4443800
4201960,BEQ,4202016
4414952,JAL,4443560
4226544,JAL,4226712
4423152,BEQ,4423208
4414968,BNE,4415000
4455928,BEQ,4455952
4230648,BNE,4230680
4271616,BEQ,4272672
4226560,BNE,4226624
4460048,BEQ,4459856
4423200,BNE,4423160
4447784,BNE,4447968
4415016,BNE,4415232
4460072,BEQ,4463464
4267560,BNE,4267696
4275768,BLEZ,4275848
4202048,JAL,4413408
4419152,JUMP,4419240
4472400,JAL,4454096
4296288,JAL,4421104
4226656,BEQ,4226672
4202088,JAL,4413408
4255336,JAL,4255416
4451944,JUMP,4451960
4234912,JAL,4234208
4443808,BNE,4444032
4202152,JAL,4414368
4423336,JALR,4470656
4296368,BNE,4296256
4279984,BNE,4280024
4234936,BC1F,4234952
4275896,BNE,4275736
4202168,BEQ,4202368
4447936,JAL,4472848
4456128,BEQ,4456240
4296392,BGEZ,4296216
4435656,BC1F,4435688
4452048,JAL,4473168
4452056,BNE,4452080
4234976,BNE,4234864
4435680,JUMP,4436360
4447976,BNE,4448200
4333288,JUMP,4333320
4423400,JALR,4470656
4267768,BNE,4267888
4226808,JAL,4227984
4255480,JAL,4254168
4423416,BEQ,4423432
4284160,BNE,4283496
4460288,JUMP,4463096
4448000,BNE,4448200
4235024,BNE,4234808
4435728,BC1T,4435752
4353816,BNE,4353448
4198168,BC1F,4198648
4435744,JUMP,4436360
4435760,BC1T,4435784
4280112,BNE,4280240
4276032,BNE,4276144
4435776,JUMP,4436360
4415296,BEQ,4415344
4333376,JUMP,4333408
4456264,BNE,4456576
4423496,JAL,4416848
4435792,JAL,4466224
4472656,BNE,4472712
4435800,BNE,4435968
4456296,BNE,4456392
4468584,JR,4468832
4472688,BNE,4472704
4415344,BEQ,4415400
4472696,BEQ,4472712
4333432,BEQ,4333456
4435840,BC1F,4435920
4226944,BEQ,4226960
4444040,BNE,4444088
4468624,JUMP,4468992
4435872,JUMP,4436360
4226976,BNE,4227040
4452256,BNE,4452280
4415408,BNE,4415536
4235200,JAL,4234208
4444104,BNE,4444272
4423624,JUMP,4423640
4472784,BNE,4472832
4448208,BNE,4448256
4452304,BNE,4452248
4235224,BC1F,4235240
4435928,BC1T,4435864
4444120,BNE,4444160
4276192,BC1F,4276208
4472808,BGEZ,4472840
4452328,JAL,4424728
4268016,BNE,4268096
4452344,BNE,4452368
